Accession ID,start,end
A0A290U7C4,12,178
A2TF48,170,260
B2LT61,643,782
B2LT62,643,782
B2LT64,643,781
B2LT65,643,782
B3Y613,643,782
B3Y614,643,782
B3Y615,643,782
B3Y618,643,782
B3Y678,173,263
B3Y679,173,263
B3Y680,173,263
B3Y681,173,263
B3Y682,173,263
B3Y683,173,263
B5T267,643,782
B6CJX2,173,263
B6ZK76,412,575
B6ZK77,407,570
C4B7M7,16,184
C8BKC7,173,263
F4HT77,16,184
F4I594,14,189
F4I902,33,122
F4J339,97,274
F4JNA9,13,175
F4JNB7,12,190
F4JT78,11,182
F4JT78,624,724
F4JT80,17,182
F4JT82,7,163
F4JT82,1402,1564
F4JWM0,61,236
F4KHH8,14,190
F4KHI3,12,179
F4KIF3,18,185
O00206,676,839
O15455,759,859
O23530,21,194
O48573,12,180
O49471,15,184
O60602,692,856
O60603,643,782
O82500,11,186
O95256,411,578
P08953,859,988
P0DKH6,14,190
P13504,390,549
P14719,384,561
P14778,387,548
P22366,173,263
P58681,893,1034
P58682,871,1014
P58727,677,816
P59822,405,565
P59823,408,569
P59824,408,570
P60029,408,570
Q01638,379,541
Q02955,390,548
Q0GC71,643,782
Q0PV50,756,861
Q0WSX8,12,186
Q0ZUL9,641,781
Q13478,377,531
Q15399,637,779
Q2EEY0,870,1011
Q2PZH4,643,782
Q2V897,643,782
Q2V898,677,822
Q40253,61,228
Q40392,12,181
Q4V892,164,306
Q599T9,173,263
Q5FWM2,162,250
Q5I2M3,869,1014
Q5I2M4,868,1006
Q5I2M7,870,1020
Q5I2M8,871,1020
Q5TJ59,758,861
Q5XJ85,157,250
Q61098,374,532
Q61730,405,558
Q62611,383,544
Q62929,388,539
Q63621,405,561
Q689D1,644,783
Q68Y56,677,835
Q6GV17,635,786
Q6IA17,165,308
Q6R5N8,834,984
Q6T752,643,782
Q6Y1S1,173,263
Q704V6,644,782
Q7YQL9,408,570
Q8SPE8,674,837
Q8SPE9,674,824
Q95LA9,643,782
Q95M53,643,782
Q99836,173,263
Q99MB1,757,860
Q9BXR5,636,780
Q9C5Q9,23,192
Q9C7X0,13,186
Q9CAK1,13,190
Q9DD78,652,791
Q9DGB6,640,779
Q9EPQ1,642,785
Q9EPW9,644,781
Q9EQU3,872,1021
Q9ERS6,419,562
Q9ERS7,388,543
Q9FHE5,48,142
Q9FHE8,16,184
Q9FHE9,15,179
Q9FHF0,14,180
Q9FI14,41,216
Q9FT77,9,183
Q9GL65,677,822
Q9HB29,385,574
Q9JLF7,696,847
Q9JLZ8,164,306
Q9LUJ8,38,174
Q9MYW3,678,822
Q9NP60,420,562
Q9NPH3,405,565
Q9NR96,872,1014
Q9NR97,880,1026
Q9NYK1,893,1033
Q9NZN1,408,570
Q9QUK6,674,827
Q9QUN7,643,782
Q9QX05,674,829
Q9R1F8,643,782
Q9SCX6,16,184
Q9SCX7,16,184
Q9SSN3,8,171
Q9SYC9,357,518
Q9SZ66,11,185
Q9TSP2,676,819
Q9TTN0,676,839
Q9VUN0,1119,1214
Q9WV82,674,834
Q9XGM3,16,184
Q9Y2C9,644,790
Q9Z2B1,409,567
V5NAL9,759,836
V9M2S5,24,187
V9M398,27,193
